transaction_date,year,month,month_short_name,month_name,day,day_name,day_short_name,quarter,month_year
2025/01/01,2025,1,Jan,January,1,Wednesday,Wed,Q1,Jan-25
2025/01/02,2025,1,Jan,January,2,Thursday,Thu,Q1,Jan-25
2025/01/03,2025,1,Jan,January,3,Friday,Fri,Q1,Jan-25
2025/01/04,2025,1,Jan,January,4,Saturday,Sat,Q1,Jan-25
2025/01/05,2025,1,Jan,January,5,Sunday,Sun,Q1,Jan-25
2025/01/06,2025,1,Jan,January,6,Monday,Mon,Q1,Jan-25
2025/01/07,2025,1,Jan,January,7,Tuesday,Tue,Q1,Jan-25
2025/01/08,2025,1,Jan,January,8,Wednesday,Wed,Q1,Jan-25
2025/01/09,2025,1,Jan,January,9,Thursday,Thu,Q1,Jan-25
2025/01/10,2025,1,Jan,January,10,Friday,Fri,Q1,Jan-25
2025/01/11,2025,1,Jan,January,11,Saturday,Sat,Q1,Jan-25
2025/01/12,2025,1,Jan,January,12,Sunday,Sun,Q1,Jan-25
2025/01/13,2025,1,Jan,January,13,Monday,Mon,Q1,Jan-25
2025/01/14,2025,1,Jan,January,14,Tuesday,Tue,Q1,Jan-25
2025/01/15,2025,1,Jan,January,15,Wednesday,Wed,Q1,Jan-25
2025/01/16,2025,1,Jan,January,16,Thursday,Thu,Q1,Jan-25
2025/01/17,2025,1,Jan,January,17,Friday,Fri,Q1,Jan-25
2025/01/18,2025,1,Jan,January,18,Saturday,Sat,Q1,Jan-25
2025/01/19,2025,1,Jan,January,19,Sunday,Sun,Q1,Jan-25
2025/01/20,2025,1,Jan,January,20,Monday,Mon,Q1,Jan-25
2025/01/21,2025,1,Jan,January,21,Tuesday,Tue,Q1,Jan-25
2025/01/22,2025,1,Jan,January,22,Wednesday,Wed,Q1,Jan-25
2025/01/23,2025,1,Jan,January,23,Thursday,Thu,Q1,Jan-25
2025/01/24,2025,1,Jan,January,24,Friday,Fri,Q1,Jan-25
2025/01/25,2025,1,Jan,January,25,Saturday,Sat,Q1,Jan-25
2025/01/26,2025,1,Jan,January,26,Sunday,Sun,Q1,Jan-25
2025/01/27,2025,1,Jan,January,27,Monday,Mon,Q1,Jan-25
2025/01/28,2025,1,Jan,January,28,Tuesday,Tue,Q1,Jan-25
2025/01/29,2025,1,Jan,January,29,Wednesday,Wed,Q1,Jan-25
2025/01/30,2025,1,Jan,January,30,Thursday,Thu,Q1,Jan-25
2025/01/31,2025,1,Jan,January,31,Friday,Fri,Q1,Jan-25
2025/02/01,2025,2,Feb,February,1,Saturday,Sat,Q1,Feb-25
2025/02/02,2025,2,Feb,February,2,Sunday,Sun,Q1,Feb-25
2025/02/03,2025,2,Feb,February,3,Monday,Mon,Q1,Feb-25
2025/02/04,2025,2,Feb,February,4,Tuesday,Tue,Q1,Feb-25
2025/02/05,2025,2,Feb,February,5,Wednesday,Wed,Q1,Feb-25
2025/02/06,2025,2,Feb,February,6,Thursday,Thu,Q1,Feb-25
2025/02/07,2025,2,Feb,February,7,Friday,Fri,Q1,Feb-25
2025/02/08,2025,2,Feb,February,8,Saturday,Sat,Q1,Feb-25
2025/02/09,2025,2,Feb,February,9,Sunday,Sun,Q1,Feb-25
2025/02/10,2025,2,Feb,February,10,Monday,Mon,Q1,Feb-25
2025/02/11,2025,2,Feb,February,11,Tuesday,Tue,Q1,Feb-25
2025/02/12,2025,2,Feb,February,12,Wednesday,Wed,Q1,Feb-25
2025/02/13,2025,2,Feb,February,13,Thursday,Thu,Q1,Feb-25
2025/02/14,2025,2,Feb,February,14,Friday,Fri,Q1,Feb-25
2025/02/15,2025,2,Feb,February,15,Saturday,Sat,Q1,Feb-25
2025/02/16,2025,2,Feb,February,16,Sunday,Sun,Q1,Feb-25
2025/02/17,2025,2,Feb,February,17,Monday,Mon,Q1,Feb-25
2025/02/18,2025,2,Feb,February,18,Tuesday,Tue,Q1,Feb-25
2025/02/19,2025,2,Feb,February,19,Wednesday,Wed,Q1,Feb-25
2025/02/20,2025,2,Feb,February,20,Thursday,Thu,Q1,Feb-25
2025/02/21,2025,2,Feb,February,21,Friday,Fri,Q1,Feb-25
2025/02/22,2025,2,Feb,February,22,Saturday,Sat,Q1,Feb-25
2025/02/23,2025,2,Feb,February,23,Sunday,Sun,Q1,Feb-25
2025/02/24,2025,2,Feb,February,24,Monday,Mon,Q1,Feb-25
2025/02/25,2025,2,Feb,February,25,Tuesday,Tue,Q1,Feb-25
2025/02/26,2025,2,Feb,February,26,Wednesday,Wed,Q1,Feb-25
2025/02/27,2025,2,Feb,February,27,Thursday,Thu,Q1,Feb-25
2025/02/28,2025,2,Feb,February,28,Friday,Fri,Q1,Feb-25
2025/03/01,2025,3,Mar,March,1,Saturday,Sat,Q1,Mar-25
2025/03/02,2025,3,Mar,March,2,Sunday,Sun,Q1,Mar-25
2025/03/03,2025,3,Mar,March,3,Monday,Mon,Q1,Mar-25
2025/03/04,2025,3,Mar,March,4,Tuesday,Tue,Q1,Mar-25
2025/03/05,2025,3,Mar,March,5,Wednesday,Wed,Q1,Mar-25
2025/03/06,2025,3,Mar,March,6,Thursday,Thu,Q1,Mar-25
2025/03/07,2025,3,Mar,March,7,Friday,Fri,Q1,Mar-25
2025/03/08,2025,3,Mar,March,8,Saturday,Sat,Q1,Mar-25
2025/03/09,2025,3,Mar,March,9,Sunday,Sun,Q1,Mar-25
2025/03/10,2025,3,Mar,March,10,Monday,Mon,Q1,Mar-25
2025/03/11,2025,3,Mar,March,11,Tuesday,Tue,Q1,Mar-25
2025/03/12,2025,3,Mar,March,12,Wednesday,Wed,Q1,Mar-25
2025/03/13,2025,3,Mar,March,13,Thursday,Thu,Q1,Mar-25
2025/03/14,2025,3,Mar,March,14,Friday,Fri,Q1,Mar-25
2025/03/15,2025,3,Mar,March,15,Saturday,Sat,Q1,Mar-25
2025/03/16,2025,3,Mar,March,16,Sunday,Sun,Q1,Mar-25
2025/03/17,2025,3,Mar,March,17,Monday,Mon,Q1,Mar-25
2025/03/18,2025,3,Mar,March,18,Tuesday,Tue,Q1,Mar-25
2025/03/19,2025,3,Mar,March,19,Wednesday,Wed,Q1,Mar-25
2025/03/20,2025,3,Mar,March,20,Thursday,Thu,Q1,Mar-25
2025/03/21,2025,3,Mar,March,21,Friday,Fri,Q1,Mar-25
2025/03/22,2025,3,Mar,March,22,Saturday,Sat,Q1,Mar-25
2025/03/23,2025,3,Mar,March,23,Sunday,Sun,Q1,Mar-25
2025/03/24,2025,3,Mar,March,24,Monday,Mon,Q1,Mar-25
2025/03/25,2025,3,Mar,March,25,Tuesday,Tue,Q1,Mar-25
2025/03/26,2025,3,Mar,March,26,Wednesday,Wed,Q1,Mar-25
2025/03/27,2025,3,Mar,March,27,Thursday,Thu,Q1,Mar-25
2025/03/28,2025,3,Mar,March,28,Friday,Fri,Q1,Mar-25
2025/03/29,2025,3,Mar,March,29,Saturday,Sat,Q1,Mar-25
2025/03/30,2025,3,Mar,March,30,Sunday,Sun,Q1,Mar-25
2025/03/31,2025,3,Mar,March,31,Monday,Mon,Q1,Mar-25
2025/04/01,2025,4,Apr,April,1,Tuesday,Tue,Q2,Apr-25
2025/04/02,2025,4,Apr,April,2,Wednesday,Wed,Q2,Apr-25
2025/04/03,2025,4,Apr,April,3,Thursday,Thu,Q2,Apr-25
2025/04/04,2025,4,Apr,April,4,Friday,Fri,Q2,Apr-25
2025/04/05,2025,4,Apr,April,5,Saturday,Sat,Q2,Apr-25
2025/04/06,2025,4,Apr,April,6,Sunday,Sun,Q2,Apr-25
2025/04/07,2025,4,Apr,April,7,Monday,Mon,Q2,Apr-25
2025/04/08,2025,4,Apr,April,8,Tuesday,Tue,Q2,Apr-25
2025/04/09,2025,4,Apr,April,9,Wednesday,Wed,Q2,Apr-25
2025/04/10,2025,4,Apr,April,10,Thursday,Thu,Q2,Apr-25
2025/04/11,2025,4,Apr,April,11,Friday,Fri,Q2,Apr-25
2025/04/12,2025,4,Apr,April,12,Saturday,Sat,Q2,Apr-25
2025/04/13,2025,4,Apr,April,13,Sunday,Sun,Q2,Apr-25
2025/04/14,2025,4,Apr,April,14,Monday,Mon,Q2,Apr-25
2025/04/15,2025,4,Apr,April,15,Tuesday,Tue,Q2,Apr-25
2025/04/16,2025,4,Apr,April,16,Wednesday,Wed,Q2,Apr-25
2025/04/17,2025,4,Apr,April,17,Thursday,Thu,Q2,Apr-25
2025/04/18,2025,4,Apr,April,18,Friday,Fri,Q2,Apr-25
2025/04/19,2025,4,Apr,April,19,Saturday,Sat,Q2,Apr-25
2025/04/20,2025,4,Apr,April,20,Sunday,Sun,Q2,Apr-25
2025/04/21,2025,4,Apr,April,21,Monday,Mon,Q2,Apr-25
2025/04/22,2025,4,Apr,April,22,Tuesday,Tue,Q2,Apr-25
2025/04/23,2025,4,Apr,April,23,Wednesday,Wed,Q2,Apr-25
2025/04/24,2025,4,Apr,April,24,Thursday,Thu,Q2,Apr-25
2025/04/25,2025,4,Apr,April,25,Friday,Fri,Q2,Apr-25
2025/04/26,2025,4,Apr,April,26,Saturday,Sat,Q2,Apr-25
2025/04/27,2025,4,Apr,April,27,Sunday,Sun,Q2,Apr-25
2025/04/28,2025,4,Apr,April,28,Monday,Mon,Q2,Apr-25
2025/04/29,2025,4,Apr,April,29,Tuesday,Tue,Q2,Apr-25
2025/04/30,2025,4,Apr,April,30,Wednesday,Wed,Q2,Apr-25
2025/05/01,2025,5,May,May,1,Thursday,Thu,Q2,May-25
2025/05/02,2025,5,May,May,2,Friday,Fri,Q2,May-25
2025/05/03,2025,5,May,May,3,Saturday,Sat,Q2,May-25
2025/05/04,2025,5,May,May,4,Sunday,Sun,Q2,May-25
2025/05/05,2025,5,May,May,5,Monday,Mon,Q2,May-25
2025/05/06,2025,5,May,May,6,Tuesday,Tue,Q2,May-25
2025/05/07,2025,5,May,May,7,Wednesday,Wed,Q2,May-25
2025/05/08,2025,5,May,May,8,Thursday,Thu,Q2,May-25
2025/05/09,2025,5,May,May,9,Friday,Fri,Q2,May-25
2025/05/10,2025,5,May,May,10,Saturday,Sat,Q2,May-25
2025/05/11,2025,5,May,May,11,Sunday,Sun,Q2,May-25
2025/05/12,2025,5,May,May,12,Monday,Mon,Q2,May-25
2025/05/13,2025,5,May,May,13,Tuesday,Tue,Q2,May-25
2025/05/14,2025,5,May,May,14,Wednesday,Wed,Q2,May-25
2025/05/15,2025,5,May,May,15,Thursday,Thu,Q2,May-25
2025/05/16,2025,5,May,May,16,Friday,Fri,Q2,May-25
2025/05/17,2025,5,May,May,17,Saturday,Sat,Q2,May-25
2025/05/18,2025,5,May,May,18,Sunday,Sun,Q2,May-25
2025/05/19,2025,5,May,May,19,Monday,Mon,Q2,May-25
2025/05/20,2025,5,May,May,20,Tuesday,Tue,Q2,May-25
2025/05/21,2025,5,May,May,21,Wednesday,Wed,Q2,May-25
2025/05/22,2025,5,May,May,22,Thursday,Thu,Q2,May-25
2025/05/23,2025,5,May,May,23,Friday,Fri,Q2,May-25
2025/05/24,2025,5,May,May,24,Saturday,Sat,Q2,May-25
2025/05/25,2025,5,May,May,25,Sunday,Sun,Q2,May-25
2025/05/26,2025,5,May,May,26,Monday,Mon,Q2,May-25
2025/05/27,2025,5,May,May,27,Tuesday,Tue,Q2,May-25
2025/05/28,2025,5,May,May,28,Wednesday,Wed,Q2,May-25
2025/05/29,2025,5,May,May,29,Thursday,Thu,Q2,May-25
2025/05/30,2025,5,May,May,30,Friday,Fri,Q2,May-25
2025/05/31,2025,5,May,May,31,Saturday,Sat,Q2,May-25
2025/06/01,2025,6,Jun,June,1,Sunday,Sun,Q2,Jun-25
2025/06/02,2025,6,Jun,June,2,Monday,Mon,Q2,Jun-25
2025/06/03,2025,6,Jun,June,3,Tuesday,Tue,Q2,Jun-25
2025/06/04,2025,6,Jun,June,4,Wednesday,Wed,Q2,Jun-25
2025/06/05,2025,6,Jun,June,5,Thursday,Thu,Q2,Jun-25
2025/06/06,2025,6,Jun,June,6,Friday,Fri,Q2,Jun-25
2025/06/07,2025,6,Jun,June,7,Saturday,Sat,Q2,Jun-25
2025/06/08,2025,6,Jun,June,8,Sunday,Sun,Q2,Jun-25
2025/06/09,2025,6,Jun,June,9,Monday,Mon,Q2,Jun-25
2025/06/10,2025,6,Jun,June,10,Tuesday,Tue,Q2,Jun-25
2025/06/11,2025,6,Jun,June,11,Wednesday,Wed,Q2,Jun-25
2025/06/12,2025,6,Jun,June,12,Thursday,Thu,Q2,Jun-25
2025/06/13,2025,6,Jun,June,13,Friday,Fri,Q2,Jun-25
2025/06/14,2025,6,Jun,June,14,Saturday,Sat,Q2,Jun-25
2025/06/15,2025,6,Jun,June,15,Sunday,Sun,Q2,Jun-25
2025/06/16,2025,6,Jun,June,16,Monday,Mon,Q2,Jun-25
2025/06/17,2025,6,Jun,June,17,Tuesday,Tue,Q2,Jun-25
2025/06/18,2025,6,Jun,June,18,Wednesday,Wed,Q2,Jun-25
2025/06/19,2025,6,Jun,June,19,Thursday,Thu,Q2,Jun-25
2025/06/20,2025,6,Jun,June,20,Friday,Fri,Q2,Jun-25
2025/06/21,2025,6,Jun,June,21,Saturday,Sat,Q2,Jun-25
2025/06/22,2025,6,Jun,June,22,Sunday,Sun,Q2,Jun-25
2025/06/23,2025,6,Jun,June,23,Monday,Mon,Q2,Jun-25
2025/06/24,2025,6,Jun,June,24,Tuesday,Tue,Q2,Jun-25
2025/06/25,2025,6,Jun,June,25,Wednesday,Wed,Q2,Jun-25
2025/06/26,2025,6,Jun,June,26,Thursday,Thu,Q2,Jun-25
2025/06/27,2025,6,Jun,June,27,Friday,Fri,Q2,Jun-25
2025/06/28,2025,6,Jun,June,28,Saturday,Sat,Q2,Jun-25
2025/06/29,2025,6,Jun,June,29,Sunday,Sun,Q2,Jun-25
2025/06/30,2025,6,Jun,June,30,Monday,Mon,Q2,Jun-25
2025/07/01,2025,7,Jul,July,1,Tuesday,Tue,Q3,Jul-25
2025/07/02,2025,7,Jul,July,2,Wednesday,Wed,Q3,Jul-25
2025/07/03,2025,7,Jul,July,3,Thursday,Thu,Q3,Jul-25
2025/07/04,2025,7,Jul,July,4,Friday,Fri,Q3,Jul-25
2025/07/05,2025,7,Jul,July,5,Saturday,Sat,Q3,Jul-25
2025/07/06,2025,7,Jul,July,6,Sunday,Sun,Q3,Jul-25
2025/07/07,2025,7,Jul,July,7,Monday,Mon,Q3,Jul-25
2025/07/08,2025,7,Jul,July,8,Tuesday,Tue,Q3,Jul-25
2025/07/09,2025,7,Jul,July,9,Wednesday,Wed,Q3,Jul-25
2025/07/10,2025,7,Jul,July,10,Thursday,Thu,Q3,Jul-25
2025/07/11,2025,7,Jul,July,11,Friday,Fri,Q3,Jul-25
2025/07/12,2025,7,Jul,July,12,Saturday,Sat,Q3,Jul-25
2025/07/13,2025,7,Jul,July,13,Sunday,Sun,Q3,Jul-25
2025/07/14,2025,7,Jul,July,14,Monday,Mon,Q3,Jul-25
2025/07/15,2025,7,Jul,July,15,Tuesday,Tue,Q3,Jul-25
2025/07/16,2025,7,Jul,July,16,Wednesday,Wed,Q3,Jul-25
2025/07/17,2025,7,Jul,July,17,Thursday,Thu,Q3,Jul-25
2025/07/18,2025,7,Jul,July,18,Friday,Fri,Q3,Jul-25
2025/07/19,2025,7,Jul,July,19,Saturday,Sat,Q3,Jul-25
2025/07/20,2025,7,Jul,July,20,Sunday,Sun,Q3,Jul-25
2025/07/21,2025,7,Jul,July,21,Monday,Mon,Q3,Jul-25
2025/07/22,2025,7,Jul,July,22,Tuesday,Tue,Q3,Jul-25
2025/07/23,2025,7,Jul,July,23,Wednesday,Wed,Q3,Jul-25
2025/07/24,2025,7,Jul,July,24,Thursday,Thu,Q3,Jul-25
2025/07/25,2025,7,Jul,July,25,Friday,Fri,Q3,Jul-25
2025/07/26,2025,7,Jul,July,26,Saturday,Sat,Q3,Jul-25
2025/07/27,2025,7,Jul,July,27,Sunday,Sun,Q3,Jul-25
2025/07/28,2025,7,Jul,July,28,Monday,Mon,Q3,Jul-25
2025/07/29,2025,7,Jul,July,29,Tuesday,Tue,Q3,Jul-25
2025/07/30,2025,7,Jul,July,30,Wednesday,Wed,Q3,Jul-25
2025/07/31,2025,7,Jul,July,31,Thursday,Thu,Q3,Jul-25
2025/08/01,2025,8,Aug,August,1,Friday,Fri,Q3,Aug-25
2025/08/02,2025,8,Aug,August,2,Saturday,Sat,Q3,Aug-25
2025/08/03,2025,8,Aug,August,3,Sunday,Sun,Q3,Aug-25
2025/08/04,2025,8,Aug,August,4,Monday,Mon,Q3,Aug-25
2025/08/05,2025,8,Aug,August,5,Tuesday,Tue,Q3,Aug-25
2025/08/06,2025,8,Aug,August,6,Wednesday,Wed,Q3,Aug-25
2025/08/07,2025,8,Aug,August,7,Thursday,Thu,Q3,Aug-25
2025/08/08,2025,8,Aug,August,8,Friday,Fri,Q3,Aug-25
2025/08/09,2025,8,Aug,August,9,Saturday,Sat,Q3,Aug-25
2025/08/10,2025,8,Aug,August,10,Sunday,Sun,Q3,Aug-25
2025/08/11,2025,8,Aug,August,11,Monday,Mon,Q3,Aug-25
2025/08/12,2025,8,Aug,August,12,Tuesday,Tue,Q3,Aug-25
2025/08/13,2025,8,Aug,August,13,Wednesday,Wed,Q3,Aug-25
2025/08/14,2025,8,Aug,August,14,Thursday,Thu,Q3,Aug-25
2025/08/15,2025,8,Aug,August,15,Friday,Fri,Q3,Aug-25
2025/08/16,2025,8,Aug,August,16,Saturday,Sat,Q3,Aug-25
2025/08/17,2025,8,Aug,August,17,Sunday,Sun,Q3,Aug-25
2025/08/18,2025,8,Aug,August,18,Monday,Mon,Q3,Aug-25
2025/08/19,2025,8,Aug,August,19,Tuesday,Tue,Q3,Aug-25
2025/08/20,2025,8,Aug,August,20,Wednesday,Wed,Q3,Aug-25
2025/08/21,2025,8,Aug,August,21,Thursday,Thu,Q3,Aug-25
2025/08/22,2025,8,Aug,August,22,Friday,Fri,Q3,Aug-25
2025/08/23,2025,8,Aug,August,23,Saturday,Sat,Q3,Aug-25
2025/08/24,2025,8,Aug,August,24,Sunday,Sun,Q3,Aug-25
2025/08/25,2025,8,Aug,August,25,Monday,Mon,Q3,Aug-25
2025/08/26,2025,8,Aug,August,26,Tuesday,Tue,Q3,Aug-25
2025/08/27,2025,8,Aug,August,27,Wednesday,Wed,Q3,Aug-25
2025/08/28,2025,8,Aug,August,28,Thursday,Thu,Q3,Aug-25
2025/08/29,2025,8,Aug,August,29,Friday,Fri,Q3,Aug-25
2025/08/30,2025,8,Aug,August,30,Saturday,Sat,Q3,Aug-25
2025/08/31,2025,8,Aug,August,31,Sunday,Sun,Q3,Aug-25
2025/09/01,2025,9,Sep,September,1,Monday,Mon,Q3,Sep-25
2025/09/02,2025,9,Sep,September,2,Tuesday,Tue,Q3,Sep-25
2025/09/03,2025,9,Sep,September,3,Wednesday,Wed,Q3,Sep-25
2025/09/04,2025,9,Sep,September,4,Thursday,Thu,Q3,Sep-25
2025/09/05,2025,9,Sep,September,5,Friday,Fri,Q3,Sep-25
2025/09/06,2025,9,Sep,September,6,Saturday,Sat,Q3,Sep-25
2025/09/07,2025,9,Sep,September,7,Sunday,Sun,Q3,Sep-25
2025/09/08,2025,9,Sep,September,8,Monday,Mon,Q3,Sep-25
2025/09/09,2025,9,Sep,September,9,Tuesday,Tue,Q3,Sep-25
2025/09/10,2025,9,Sep,September,10,Wednesday,Wed,Q3,Sep-25
2025/09/11,2025,9,Sep,September,11,Thursday,Thu,Q3,Sep-25
2025/09/12,2025,9,Sep,September,12,Friday,Fri,Q3,Sep-25
2025/09/13,2025,9,Sep,September,13,Saturday,Sat,Q3,Sep-25
2025/09/14,2025,9,Sep,September,14,Sunday,Sun,Q3,Sep-25
2025/09/15,2025,9,Sep,September,15,Monday,Mon,Q3,Sep-25
2025/09/16,2025,9,Sep,September,16,Tuesday,Tue,Q3,Sep-25
2025/09/17,2025,9,Sep,September,17,Wednesday,Wed,Q3,Sep-25
2025/09/18,2025,9,Sep,September,18,Thursday,Thu,Q3,Sep-25
2025/09/19,2025,9,Sep,September,19,Friday,Fri,Q3,Sep-25
2025/09/20,2025,9,Sep,September,20,Saturday,Sat,Q3,Sep-25
2025/09/21,2025,9,Sep,September,21,Sunday,Sun,Q3,Sep-25
2025/09/22,2025,9,Sep,September,22,Monday,Mon,Q3,Sep-25
2025/09/23,2025,9,Sep,September,23,Tuesday,Tue,Q3,Sep-25
2025/09/24,2025,9,Sep,September,24,Wednesday,Wed,Q3,Sep-25
2025/09/25,2025,9,Sep,September,25,Thursday,Thu,Q3,Sep-25
2025/09/26,2025,9,Sep,September,26,Friday,Fri,Q3,Sep-25
2025/09/27,2025,9,Sep,September,27,Saturday,Sat,Q3,Sep-25
2025/09/28,2025,9,Sep,September,28,Sunday,Sun,Q3,Sep-25
2025/09/29,2025,9,Sep,September,29,Monday,Mon,Q3,Sep-25
2025/09/30,2025,9,Sep,September,30,Tuesday,Tue,Q3,Sep-25
2025/10/01,2025,10,Oct,October,1,Wednesday,Wed,Q4,Oct-25
2025/10/02,2025,10,Oct,October,2,Thursday,Thu,Q4,Oct-25
2025/10/03,2025,10,Oct,October,3,Friday,Fri,Q4,Oct-25
2025/10/04,2025,10,Oct,October,4,Saturday,Sat,Q4,Oct-25
2025/10/05,2025,10,Oct,October,5,Sunday,Sun,Q4,Oct-25
2025/10/06,2025,10,Oct,October,6,Monday,Mon,Q4,Oct-25
2025/10/07,2025,10,Oct,October,7,Tuesday,Tue,Q4,Oct-25
2025/10/08,2025,10,Oct,October,8,Wednesday,Wed,Q4,Oct-25
2025/10/09,2025,10,Oct,October,9,Thursday,Thu,Q4,Oct-25
2025/10/10,2025,10,Oct,October,10,Friday,Fri,Q4,Oct-25
2025/10/11,2025,10,Oct,October,11,Saturday,Sat,Q4,Oct-25
2025/10/12,2025,10,Oct,October,12,Sunday,Sun,Q4,Oct-25
2025/10/13,2025,10,Oct,October,13,Monday,Mon,Q4,Oct-25
2025/10/14,2025,10,Oct,October,14,Tuesday,Tue,Q4,Oct-25
2025/10/15,2025,10,Oct,October,15,Wednesday,Wed,Q4,Oct-25
2025/10/16,2025,10,Oct,October,16,Thursday,Thu,Q4,Oct-25
2025/10/17,2025,10,Oct,October,17,Friday,Fri,Q4,Oct-25
2025/10/18,2025,10,Oct,October,18,Saturday,Sat,Q4,Oct-25
2025/10/19,2025,10,Oct,October,19,Sunday,Sun,Q4,Oct-25
2025/10/20,2025,10,Oct,October,20,Monday,Mon,Q4,Oct-25
2025/10/21,2025,10,Oct,October,21,Tuesday,Tue,Q4,Oct-25
2025/10/22,2025,10,Oct,October,22,Wednesday,Wed,Q4,Oct-25
2025/10/23,2025,10,Oct,October,23,Thursday,Thu,Q4,Oct-25
2025/10/24,2025,10,Oct,October,24,Friday,Fri,Q4,Oct-25
2025/10/25,2025,10,Oct,October,25,Saturday,Sat,Q4,Oct-25
2025/10/26,2025,10,Oct,October,26,Sunday,Sun,Q4,Oct-25
2025/10/27,2025,10,Oct,October,27,Monday,Mon,Q4,Oct-25
2025/10/28,2025,10,Oct,October,28,Tuesday,Tue,Q4,Oct-25
2025/10/29,2025,10,Oct,October,29,Wednesday,Wed,Q4,Oct-25
2025/10/30,2025,10,Oct,October,30,Thursday,Thu,Q4,Oct-25
2025/10/31,2025,10,Oct,October,31,Friday,Fri,Q4,Oct-25
2025/11/01,2025,11,Nov,November,1,Saturday,Sat,Q4,Nov-25
2025/11/02,2025,11,Nov,November,2,Sunday,Sun,Q4,Nov-25
2025/11/03,2025,11,Nov,November,3,Monday,Mon,Q4,Nov-25
2025/11/04,2025,11,Nov,November,4,Tuesday,Tue,Q4,Nov-25
2025/11/05,2025,11,Nov,November,5,Wednesday,Wed,Q4,Nov-25
2025/11/06,2025,11,Nov,November,6,Thursday,Thu,Q4,Nov-25
2025/11/07,2025,11,Nov,November,7,Friday,Fri,Q4,Nov-25
2025/11/08,2025,11,Nov,November,8,Saturday,Sat,Q4,Nov-25
2025/11/09,2025,11,Nov,November,9,Sunday,Sun,Q4,Nov-25
2025/11/10,2025,11,Nov,November,10,Monday,Mon,Q4,Nov-25
2025/11/11,2025,11,Nov,November,11,Tuesday,Tue,Q4,Nov-25
2025/11/12,2025,11,Nov,November,12,Wednesday,Wed,Q4,Nov-25
2025/11/13,2025,11,Nov,November,13,Thursday,Thu,Q4,Nov-25
2025/11/14,2025,11,Nov,November,14,Friday,Fri,Q4,Nov-25
2025/11/15,2025,11,Nov,November,15,Saturday,Sat,Q4,Nov-25
2025/11/16,2025,11,Nov,November,16,Sunday,Sun,Q4,Nov-25
2025/11/17,2025,11,Nov,November,17,Monday,Mon,Q4,Nov-25
2025/11/18,2025,11,Nov,November,18,Tuesday,Tue,Q4,Nov-25
2025/11/19,2025,11,Nov,November,19,Wednesday,Wed,Q4,Nov-25
2025/11/20,2025,11,Nov,November,20,Thursday,Thu,Q4,Nov-25
2025/11/21,2025,11,Nov,November,21,Friday,Fri,Q4,Nov-25
2025/11/22,2025,11,Nov,November,22,Saturday,Sat,Q4,Nov-25
2025/11/23,2025,11,Nov,November,23,Sunday,Sun,Q4,Nov-25
2025/11/24,2025,11,Nov,November,24,Monday,Mon,Q4,Nov-25
2025/11/25,2025,11,Nov,November,25,Tuesday,Tue,Q4,Nov-25
2025/11/26,2025,11,Nov,November,26,Wednesday,Wed,Q4,Nov-25
2025/11/27,2025,11,Nov,November,27,Thursday,Thu,Q4,Nov-25
2025/11/28,2025,11,Nov,November,28,Friday,Fri,Q4,Nov-25
2025/11/29,2025,11,Nov,November,29,Saturday,Sat,Q4,Nov-25
2025/11/30,2025,11,Nov,November,30,Sunday,Sun,Q4,Nov-25
2025/12/01,2025,12,Dec,December,1,Monday,Mon,Q4,Dec-25
2025/12/02,2025,12,Dec,December,2,Tuesday,Tue,Q4,Dec-25
2025/12/03,2025,12,Dec,December,3,Wednesday,Wed,Q4,Dec-25
2025/12/04,2025,12,Dec,December,4,Thursday,Thu,Q4,Dec-25
2025/12/05,2025,12,Dec,December,5,Friday,Fri,Q4,Dec-25
2025/12/06,2025,12,Dec,December,6,Saturday,Sat,Q4,Dec-25
2025/12/07,2025,12,Dec,December,7,Sunday,Sun,Q4,Dec-25
2025/12/08,2025,12,Dec,December,8,Monday,Mon,Q4,Dec-25
2025/12/09,2025,12,Dec,December,9,Tuesday,Tue,Q4,Dec-25
2025/12/10,2025,12,Dec,December,10,Wednesday,Wed,Q4,Dec-25
2025/12/11,2025,12,Dec,December,11,Thursday,Thu,Q4,Dec-25
2025/12/12,2025,12,Dec,December,12,Friday,Fri,Q4,Dec-25
2025/12/13,2025,12,Dec,December,13,Saturday,Sat,Q4,Dec-25
2025/12/14,2025,12,Dec,December,14,Sunday,Sun,Q4,Dec-25
2025/12/15,2025,12,Dec,December,15,Monday,Mon,Q4,Dec-25
2025/12/16,2025,12,Dec,December,16,Tuesday,Tue,Q4,Dec-25
2025/12/17,2025,12,Dec,December,17,Wednesday,Wed,Q4,Dec-25
2025/12/18,2025,12,Dec,December,18,Thursday,Thu,Q4,Dec-25
2025/12/19,2025,12,Dec,December,19,Friday,Fri,Q4,Dec-25
2025/12/20,2025,12,Dec,December,20,Saturday,Sat,Q4,Dec-25
2025/12/21,2025,12,Dec,December,21,Sunday,Sun,Q4,Dec-25
2025/12/22,2025,12,Dec,December,22,Monday,Mon,Q4,Dec-25
2025/12/23,2025,12,Dec,December,23,Tuesday,Tue,Q4,Dec-25
2025/12/24,2025,12,Dec,December,24,Wednesday,Wed,Q4,Dec-25
2025/12/25,2025,12,Dec,December,25,Thursday,Thu,Q4,Dec-25
2025/12/26,2025,12,Dec,December,26,Friday,Fri,Q4,Dec-25
2025/12/27,2025,12,Dec,December,27,Saturday,Sat,Q4,Dec-25
2025/12/28,2025,12,Dec,December,28,Sunday,Sun,Q4,Dec-25
2025/12/29,2025,12,Dec,December,29,Monday,Mon,Q4,Dec-25
2025/12/30,2025,12,Dec,December,30,Tuesday,Tue,Q4,Dec-25
2025/12/31,2025,12,Dec,December,31,Wednesday,Wed,Q4,Dec-25
