price_id,pizza_id,size,unit_price,selling_price
PP001,P001,S,400,600
PP002,P001,M,600,900
PP003,P001,L,800,1200
PP004,P001,XL,1000,1500
PP005,P002,S,450,675
PP006,P002,M,650,975
PP007,P002,L,850,1275
PP008,P002,XL,1050,1575
PP009,P003,S,430,645
PP010,P003,M,630,945
PP011,P003,L,830,1245
PP012,P003,XL,1030,1545
PP013,P004,S,500,750
PP014,P004,M,700,1050
PP015,P004,L,900,1350
PP016,P004,XL,1100,1650
PP017,P005,S,460,690
PP018,P005,M,660,990
PP019,P005,L,860,1290
PP020,P005,XL,1060,1590
PP021,P006,S,480,720
PP022,P006,M,680,1020
PP023,P006,L,880,1320
PP024,P006,XL,1080,1620
PP025,P007,S,510,765
PP026,P007,M,710,1065
PP027,P007,L,910,1365
PP028,P007,XL,1110,1665
PP029,P008,S,420,630
PP030,P008,M,620,930
PP031,P008,L,820,1230
PP032,P008,XL,1020,1530
PP033,P009,S,440,660
PP034,P009,M,640,960
PP035,P009,L,840,1260
PP036,P009,XL,1040,1560
PP037,P010,S,460,690
PP038,P010,M,660,990
PP039,P010,L,860,1290
PP040,P010,XL,1060,1590
PP041,P011,S,600,840
PP042,P011,M,900,1260
PP043,P011,L,1200,1680
PP044,P011,XL,1500,2100
PP045,P012,S,650,910
PP046,P012,M,950,1330
PP047,P012,L,1250,1750
PP048,P012,XL,1550,2170
PP049,P013,S,630,882
PP050,P013,M,930,1302
PP051,P013,L,1230,1722
PP052,P013,XL,1530,2142
PP053,P014,S,680,952
PP054,P014,M,980,1372
PP055,P014,L,1280,1792
PP056,P014,XL,1580,2212
PP057,P015,S,700,980
PP058,P015,M,1000,1400
PP059,P015,L,1300,1820
PP060,P015,XL,1600,2240
PP061,P016,S,300,420
PP062,P016,M,600,780
PP063,P016,L,900,1170
PP064,P016,XL,1200,1560
PP065,P017,S,320,448
PP066,P017,M,620,868
PP067,P017,L,920,1288
PP068,P017,XL,1220,1708
PP069,P018,S,350,490
PP070,P018,M,650,910
PP071,P018,L,950,1330
PP072,P018,XL,1250,1750
PP073,P019,S,380,532
PP074,P019,M,680,952
PP075,P019,L,980,1372
PP076,P019,XL,1280,1792
PP077,P020,S,400,560
PP078,P020,M,700,980
PP079,P020,L,1000,1400
PP080,P020,XL,1300,1820
PP081,P021,S,350,560
PP082,P021,M,650,1040
PP083,P021,L,950,1520
PP084,P021,XL,1250,2000
PP085,P022,S,450,720
PP086,P022,M,750,1200
PP087,P022,L,1050,1680
PP088,P022,XL,1350,2160
PP089,P023,S,550,880
PP090,P023,M,850,1360
PP091,P023,L,1150,1840
PP092,P023,XL,1450,2320
PP093,P024,S,650,1040
PP094,P024,M,950,1520
PP095,P024,L,1250,2000
PP096,P024,XL,1550,2480
PP097,P025,S,750,1200
PP098,P025,M,1050,1680
PP099,P025,L,1350,2160
PP100,P025,XL,1650,2640
PP101,P026,S,850,1360
PP102,P026,M,1150,1840
PP103,P026,L,1450,2320
PP104,P026,XL,1750,2800
